data,receita,pedidos,custo,ticket_medio
2022-01-01,5850.58,16,3599.29,365.66
2022-01-02,7796.59,24,3434.71,324.86
2022-01-03,6384.86,42,3538.3,152.02
2022-01-04,5570.66,34,2496.22,163.84
2022-01-05,7551.1,16,2997.16,471.94
2022-01-06,6867.2,17,3735.66,403.95
2022-01-07,7571.8,17,2880.25,445.4
2022-01-08,7125.07,16,3863.07,445.32
2022-01-09,7284.48,46,3205.83,158.36
2022-01-10,7277.98,18,4068.86,404.33
2022-01-11,7529.87,26,4252.42,289.61
2022-01-12,8529.39,22,4723.45,387.7
2022-01-13,7797.43,51,3008.84,152.89
2022-01-14,6318.84,26,3468.39,243.03
2022-01-15,7587.59,20,4686.36,379.38
2022-01-16,8057.32,20,3530.96,402.87
2022-01-17,8147.18,24,3632.15,339.47
2022-01-18,7223.01,30,4155.01,240.77
2022-01-19,8231.6,33,3444.89,249.44
2022-01-20,8143.2,18,4385.44,452.4
2022-01-21,9184.22,32,5154.24,287.01
2022-01-22,7245.08,25,2817.75,289.8
2022-01-23,7445.21,23,3818.67,323.7
2022-01-24,7620.75,27,3949.15,282.25
2022-01-25,7565.24,23,3425.74,328.92
2022-01-26,7380.47,26,4356.86,283.86
2022-01-27,6312.14,15,2645.16,420.81
2022-01-28,7764.32,18,3629.1,431.35
2022-01-29,8302.28,19,4845.88,436.96
2022-01-30,7840.35,24,3338.06,326.68
2022-01-31,9353.23,33,5398.03,283.43
2022-02-01,8255.82,22,3293.88,375.26
2022-02-02,9078.27,22,4515.67,412.65
2022-02-03,8516.4,26,3390.2,327.55
2022-02-04,8911.33,24,4836.15,371.31
2022-02-05,8638.99,23,4922.02,375.61
2022-02-06,9348.67,26,5459.31,359.56
2022-02-07,8616.91,23,5303.73,374.65
2022-02-08,8936.94,42,4837.42,212.78
2022-02-09,8914.94,29,5033.15,307.41
2022-02-10,8578.0,26,4300.85,329.92
2022-02-11,9049.71,60,5421.29,150.83
2022-02-12,10203.02,25,5453.53,408.12
2022-02-13,8755.72,26,5183.84,336.76
2022-02-14,9225.09,48,4026.83,192.19
2022-02-15,9783.4,24,4884.04,407.64
2022-02-16,9768.06,26,5422.8,375.69
2022-02-17,9145.95,24,3920.44,381.08
2022-02-18,7763.73,29,3344.01,267.71
2022-02-19,9558.44,23,5875.86,415.58
2022-02-20,7971.18,29,3860.49,274.87
2022-02-21,10239.06,31,4337.63,330.29
2022-02-22,9512.78,63,4371.61,151.0
2022-02-23,10064.65,29,4784.44,347.06
2022-02-24,8977.06,24,4753.72,374.04
2022-02-25,8640.04,26,5197.19,332.31
2022-02-26,9780.91,32,6032.69,305.65
2022-02-27,9656.91,24,5180.04,402.37
2022-02-28,9434.44,26,5169.9,362.86
2022-03-01,9832.12,42,4495.63,234.1
2022-03-02,11493.4,26,6731.89,442.05
2022-03-03,10384.9,28,4489.1,370.89
2022-03-04,10564.75,23,4284.34,459.34
2022-03-05,10491.9,23,6437.64,456.17
2022-03-06,10923.29,25,6416.27,436.93
2022-03-07,9971.23,26,4515.72,383.51
2022-03-08,8901.65,26,4825.06,342.37
2022-03-09,10070.14,49,4955.36,205.51
2022-03-10,10718.66,34,4904.33,315.25
2022-03-11,9697.59,25,4352.53,387.9
2022-03-12,10221.03,33,4217.67,309.73
2022-03-13,9958.66,24,5097.2,414.94
2022-03-14,11321.3,61,5515.55,185.6
2022-03-15,10915.6,41,5489.73,266.23
2022-03-16,10902.16,36,4706.31,302.84
2022-03-17,10928.95,39,6614.93,280.23
2022-03-18,10577.84,57,5640.76,185.58
2022-03-19,10762.35,54,6413.33,199.3
2022-03-20,9975.75,24,4052.4,415.66
2022-03-21,9417.44,31,4986.39,303.79
2022-03-22,10861.19,65,6341.53,167.1
2022-03-23,11006.76,71,5056.74,155.02
2022-03-24,11578.51,39,4942.11,296.88
2022-03-25,11835.7,59,5250.38,200.61
2022-03-26,11874.19,32,5290.0,371.07
2022-03-27,10372.01,26,5054.57,398.92
2022-03-28,10797.42,49,4947.72,220.36
2022-03-29,11334.26,34,5044.94,333.36
2022-03-30,12601.78,64,6750.05,196.9
2022-03-31,12006.57,49,4715.31,245.03
2022-04-01,11825.3,28,5459.59,422.33
2022-04-02,10955.43,34,5976.63,322.22
2022-04-03,10691.88,25,4514.15,427.68
2022-04-04,11728.1,53,5078.53,221.28
2022-04-05,10626.57,42,4549.87,253.01
2022-04-06,11175.35,38,4249.12,294.09
2022-04-07,11280.22,38,5569.09,296.85
2022-04-08,12334.73,27,4802.53,456.84
2022-04-09,11195.27,60,4987.55,186.59
2022-04-10,9972.86,24,6170.74,415.54
2022-04-11,11766.59,28,7064.84,420.24
2022-04-12,11071.22,35,4778.54,316.32
2022-04-13,11542.1,45,5244.74,256.49
2022-04-14,11489.56,37,5644.7,310.53
2022-04-15,11401.6,47,6643.25,242.59
2022-04-16,12063.43,30,6907.94,402.11
2022-04-17,10692.06,35,4386.93,305.49
2022-04-18,11323.28,26,4641.05,435.51
2022-04-19,12064.76,35,5791.27,344.71
2022-04-20,11305.88,37,6657.16,305.56
2022-04-21,10728.17,29,6347.86,369.94
2022-04-22,12112.84,40,4915.0,302.82
2022-04-23,12402.94,29,6422.63,427.69
2022-04-24,11718.59,57,4890.89,205.59
2022-04-25,10584.69,23,5765.17,460.2
2022-04-26,12199.5,30,7319.02,406.65
2022-04-27,10793.82,26,5279.74,415.15
2022-04-28,11987.97,40,4794.47,299.7
2022-04-29,11282.25,28,5855.72,402.94
2022-04-30,11129.96,45,5320.61,247.33
2022-05-01,11570.94,30,6648.84,385.7
2022-05-02,11735.43,61,5418.04,192.38
2022-05-03,11467.3,47,6765.42,243.99
2022-05-04,12214.55,43,5443.88,284.06
2022-05-05,11600.27,47,4846.64,246.81
2022-05-06,12461.7,46,5652.07,270.91
2022-05-07,12047.05,30,4678.83,401.57
2022-05-08,11463.65,50,5129.97,229.27
2022-05-09,11365.54,30,6119.53,378.85
2022-05-10,10898.61,63,4513.64,172.99
2022-05-11,12062.64,31,4906.21,389.12
2022-05-12,11675.62,30,4807.7,389.19
2022-05-13,10464.31,38,4171.2,275.38
2022-05-14,11564.54,31,6822.07,373.05
2022-05-15,11342.77,26,6880.38,436.26
2022-05-16,12825.31,32,5016.94,400.79
2022-05-17,10853.83,40,6104.38,271.35
2022-05-18,11005.38,37,6129.08,297.44
2022-05-19,12529.95,32,7759.28,391.56
2022-05-20,12670.9,53,5872.82,239.07
2022-05-21,11401.83,29,5113.97,393.17
2022-05-22,11460.64,46,5601.27,249.14
2022-05-23,12199.81,31,7143.94,393.54
2022-05-24,10423.1,59,5783.39,176.66
2022-05-25,10691.04,65,5272.71,164.48
2022-05-26,11626.83,25,5100.63,465.07
2022-05-27,12711.83,30,7048.5,423.73
2022-05-28,11506.22,27,6732.13,426.16
2022-05-29,11813.1,27,5622.9,437.52
2022-05-30,12416.83,44,6710.81,282.2
2022-05-31,12983.85,55,6180.97,236.07
2022-06-01,11355.91,60,5619.34,189.27
2022-06-02,11673.38,38,5906.48,307.19
2022-06-03,12757.33,59,7222.87,216.23
2022-06-04,10730.55,24,6595.01,447.11
2022-06-05,12239.37,80,5956.26,152.99
2022-06-06,10989.96,56,5079.07,196.25
2022-06-07,11639.75,51,5466.75,228.23
2022-06-08,11409.2,54,4702.11,211.28
2022-06-09,10955.67,50,4943.91,219.11
2022-06-10,10915.54,31,4374.37,352.11
2022-06-11,11645.38,46,5621.16,253.16
2022-06-12,12050.21,36,5063.09,334.73
2022-06-13,11347.64,27,5255.52,420.28
2022-06-14,11439.38,34,6525.69,336.45
2022-06-15,11711.11,32,5141.44,365.97
2022-06-16,10755.79,41,5666.74,262.34
2022-06-17,11752.19,59,7007.64,199.19
2022-06-18,11768.89,47,6073.49,250.4
2022-06-19,12807.65,29,5462.59,441.64
2022-06-20,10987.32,32,5084.32,343.35
2022-06-21,10904.94,46,5688.98,237.06
2022-06-22,11607.3,40,5822.07,290.18
2022-06-23,11602.86,28,4822.95,414.39
2022-06-24,10755.16,30,5240.25,358.51
2022-06-25,10798.49,33,5510.86,327.23
2022-06-26,11328.61,27,5031.71,419.58
2022-06-27,10470.3,29,5517.71,361.04
2022-06-28,10682.85,31,4239.37,344.61
2022-06-29,10944.65,52,5043.14,210.47
2022-06-30,11449.6,62,6560.92,184.67
2022-07-01,10449.85,23,4621.22,454.34
2022-07-02,9667.19,29,5077.62,333.35
2022-07-03,9582.14,34,4584.16,281.83
2022-07-04,9935.39,30,4530.05,331.18
2022-07-05,9861.57,58,5915.68,170.03
2022-07-06,10514.62,26,4861.78,404.41
2022-07-07,9851.5,45,4303.16,218.92
2022-07-08,10100.13,25,6042.22,404.01
2022-07-09,10013.83,32,5598.0,312.93
2022-07-10,10170.03,43,5528.75,236.51
2022-07-11,11183.46,70,4382.67,159.76
2022-07-12,10742.32,27,4420.35,397.86
2022-07-13,10309.63,50,5497.11,206.19
2022-07-14,9977.75,60,4293.07,166.3
2022-07-15,9948.46,26,4319.15,382.63
2022-07-16,10358.73,40,5873.33,258.97
2022-07-17,10465.92,39,4695.24,268.36
2022-07-18,9523.85,42,3782.69,226.76
2022-07-19,10043.01,24,3904.16,418.46
2022-07-20,8754.54,36,4257.88,243.18
2022-07-21,10052.66,47,5308.92,213.89
2022-07-22,10334.78,42,6082.35,246.07
2022-07-23,9661.05,45,3928.12,214.69
2022-07-24,10870.38,44,4643.84,247.05
2022-07-25,9202.87,52,4667.26,176.98
2022-07-26,9813.03,49,4586.47,200.27
2022-07-27,9611.84,34,4765.64,282.7
2022-07-28,9523.76,23,5731.3,414.08
2022-07-29,9465.79,56,4834.88,169.03
2022-07-30,9548.96,44,4579.96,217.02
2022-07-31,9943.67,23,6139.87,432.33
2022-08-01,10211.63,24,4040.25,425.48
2022-08-02,9333.64,26,5634.79,358.99
2022-08-03,9774.12,43,4890.96,227.31
2022-08-04,8813.76,31,4414.83,284.31
2022-08-05,9644.24,45,5798.81,214.32
2022-08-06,8677.31,46,4353.91,188.64
2022-08-07,9738.73,36,4725.4,270.52
2022-08-08,10360.56,32,4614.57,323.77
2022-08-09,8910.81,34,4795.05,262.08
2022-08-10,7618.46,22,3936.57,346.29
2022-08-11,8555.14,35,3691.05,244.43
2022-08-12,9573.18,37,5267.73,258.73
2022-08-13,9116.08,23,4873.28,396.35
2022-08-14,8883.88,21,4223.04,423.04
2022-08-15,9290.16,37,3540.07,251.09
2022-08-16,8926.2,27,4348.66,330.6
2022-08-17,9316.91,39,3553.97,238.9
2022-08-18,9088.86,54,3617.36,168.31
2022-08-19,9401.36,25,4544.11,376.05
2022-08-20,8654.96,42,3459.05,206.07
2022-08-21,8934.42,32,3986.18,279.2
2022-08-22,8158.83,27,4383.89,302.18
2022-08-23,7934.33,38,3602.72,208.8
2022-08-24,9271.65,51,5743.19,181.8
2022-08-25,8330.0,32,4997.27,260.31
2022-08-26,8636.21,19,4494.93,454.54
2022-08-27,8180.87,24,5007.24,340.87
2022-08-28,7708.4,29,4535.04,265.81
2022-08-29,8020.96,49,3661.85,163.69
2022-08-30,8830.4,26,4944.17,339.63
2022-08-31,8256.78,46,3408.73,179.5
2022-09-01,6852.0,21,3729.49,326.29
2022-09-02,7705.42,20,3836.22,385.27
2022-09-03,8860.07,31,3402.61,285.81
2022-09-04,7619.0,31,3396.67,245.77
2022-09-05,6624.05,40,4035.98,165.6
2022-09-06,8797.73,55,4010.0,159.96
2022-09-07,8029.39,28,3400.84,286.76
2022-09-08,7536.54,18,3203.09,418.7
2022-09-09,7314.81,32,3620.91,228.59
2022-09-10,8146.75,25,4743.33,325.87
2022-09-11,7132.39,20,4007.84,356.62
2022-09-12,8107.36,48,3930.81,168.9
2022-09-13,7705.14,39,3313.94,197.57
2022-09-14,7488.66,30,2928.48,249.62
2022-09-15,7391.81,21,3629.61,351.99
2022-09-16,7162.81,25,4122.53,286.51
2022-09-17,7859.12,21,4362.78,374.24
2022-09-18,6677.14,16,3192.1,417.32
2022-09-19,6188.48,16,3234.9,386.78
2022-09-20,7496.27,16,3633.44,468.52
2022-09-21,7473.03,19,3878.23,393.32
2022-09-22,7349.83,18,3705.79,408.32
2022-09-23,7274.46,18,3953.17,404.14
2022-09-24,6806.37,18,3415.78,378.13
2022-09-25,7440.81,19,4507.25,391.62
2022-09-26,6911.37,16,3336.3,431.96
2022-09-27,6617.61,22,2539.97,300.8
2022-09-28,6694.71,19,2923.78,352.35
2022-09-29,8066.99,26,4034.67,310.27
2022-09-30,5787.19,14,2949.95,413.37
2022-10-01,7102.45,25,3640.52,284.1
2022-10-02,5770.34,14,3182.3,412.17
2022-10-03,6688.94,17,2982.7,393.47
2022-10-04,6470.63,14,3491.4,462.19
2022-10-05,5457.58,24,2996.04,227.4
2022-10-06,6920.69,19,3312.99,364.25
2022-10-07,6438.79,17,3068.22,378.75
2022-10-08,5387.73,12,2278.7,448.98
2022-10-09,7132.34,16,3418.94,445.77
2022-10-10,7471.86,23,4250.26,324.86
2022-10-11,7488.1,23,4479.03,325.57
2022-10-12,6793.5,33,3549.38,205.86
2022-10-13,6590.79,14,2978.04,470.77
2022-10-14,7346.02,32,3994.39,229.56
2022-10-15,7545.48,20,4207.62,377.27
2022-10-16,7204.07,18,3311.93,400.23
2022-10-17,5947.85,21,3440.07,283.23
2022-10-18,6623.39,31,2634.04,213.66
2022-10-19,6757.08,32,2585.13,211.16
2022-10-20,5399.37,13,2211.11,415.34
2022-10-21,6759.51,22,2821.7,307.25
2022-10-22,7835.43,44,4630.29,178.08
2022-10-23,6850.35,18,3301.84,380.58
2022-10-24,7346.18,32,3276.28,229.57
2022-10-25,6568.64,15,3172.51,437.91
2022-10-26,6412.72,26,3044.51,246.64
2022-10-27,6684.2,31,3023.6,215.62
2022-10-28,5965.74,34,2464.42,175.46
2022-10-29,5877.79,19,3158.84,309.36
2022-10-30,7217.68,25,2979.35,288.71
2022-10-31,7284.18,19,4123.59,383.38
2022-11-01,5870.01,20,2514.74,293.5
2022-11-02,7050.41,27,3916.71,261.13
2022-11-03,6423.4,28,3682.8,229.41
2022-11-04,6686.46,28,2741.97,238.8
2022-11-05,6766.75,15,2712.24,451.12
2022-11-06,7096.3,35,4313.82,202.75
2022-11-07,6559.44,14,3221.55,468.53
2022-11-08,7367.05,29,3913.79,254.04
2022-11-09,6718.79,38,2590.65,176.81
2022-11-10,6920.88,30,3092.88,230.7
2022-11-11,6060.68,36,3038.19,168.35
2022-11-12,7871.13,20,4665.16,393.56
2022-11-13,6874.16,22,3060.0,312.46
2022-11-14,7037.43,28,3983.51,251.34
2022-11-15,5663.11,16,3052.03,353.94
2022-11-16,6153.83,18,2508.7,341.88
2022-11-17,7410.63,17,3337.82,435.92
2022-11-18,6861.51,15,2999.08,457.43
2022-11-19,5563.6,15,2705.06,370.91
2022-11-20,7358.35,18,3918.18,408.8
2022-11-21,6433.62,16,3114.01,402.1
2022-11-22,7632.21,25,3348.16,305.29
2022-11-23,6759.25,18,3697.38,375.51
2022-11-24,6962.31,40,3622.3,174.06
2022-11-25,7575.39,20,3822.81,378.77
2022-11-26,6359.03,14,3262.57,454.22
2022-11-27,6332.32,36,2743.52,175.9
2022-11-28,6841.6,17,3717.06,402.45
2022-11-29,7488.25,17,3541.94,440.49
2022-11-30,6226.83,28,2909.38,222.39
2022-12-01,6058.91,19,2520.12,318.89
2022-12-02,7589.28,17,3971.02,446.43
2022-12-03,6769.52,15,3551.56,451.3
2022-12-04,6933.17,36,3200.85,192.59
2022-12-05,6092.54,23,3572.45,264.89
2022-12-06,6838.28,19,3986.1,359.91
2022-12-07,7281.08,33,2957.38,220.64
2022-12-08,7884.7,31,4311.43,254.35
2022-12-09,6905.49,43,3276.8,160.59
2022-12-10,8405.28,42,5210.7,200.13
2022-12-11,7043.62,22,3056.97,320.16
2022-12-12,7088.87,20,3171.03,354.44
2022-12-13,8466.36,24,4115.54,352.77
2022-12-14,7716.88,20,3430.09,385.84
2022-12-15,7305.69,26,3989.48,280.99
2022-12-16,7591.54,32,3760.99,237.24
2022-12-17,8544.99,55,3700.07,155.36
2022-12-18,8662.19,40,4344.35,216.55
2022-12-19,7342.5,30,4356.37,244.75
2022-12-20,7858.0,38,4480.43,206.79
2022-12-21,7989.19,51,3992.35,156.65
2022-12-22,7395.75,37,3322.45,199.89
2022-12-23,8007.21,22,3388.43,363.96
2022-12-24,8097.67,23,4784.2,352.07
2022-12-25,8833.17,20,4862.13,441.66
2022-12-26,8928.76,22,4619.02,405.85
2022-12-27,8062.72,25,4765.59,322.51
2022-12-28,8188.49,42,3350.78,194.96
2022-12-29,8772.7,27,4770.57,324.91
2022-12-30,8080.92,47,3491.05,171.93
2022-12-31,8843.76,31,3616.55,285.28
2023-01-01,8496.97,31,4178.35,274.1
2023-01-02,8027.82,28,3796.95,286.71
2023-01-03,8095.68,34,4905.02,238.11
2023-01-04,9598.91,26,4393.95,369.19
2023-01-05,8698.26,21,5006.51,414.2
2023-01-06,9838.3,25,5506.68,393.53
2023-01-07,8608.4,25,4651.13,344.34
2023-01-08,9154.3,29,5500.78,315.67
2023-01-09,10478.67,65,5007.78,161.21
2023-01-10,8472.58,23,4011.95,368.37
2023-01-11,8032.73,25,3362.72,321.31
2023-01-12,10008.21,43,4465.49,232.75
2023-01-13,8805.44,35,5205.3,251.58
2023-01-14,9354.76,21,4619.86,445.46
2023-01-15,9081.68,26,4195.05,349.3
2023-01-16,9660.55,32,4172.07,301.89
2023-01-17,8996.1,26,4465.58,346.0
2023-01-18,9525.56,34,5258.11,280.16
2023-01-19,9970.83,34,4474.97,293.26
2023-01-20,9163.67,38,5148.63,241.15
2023-01-21,9416.61,33,5001.62,285.35
2023-01-22,9696.48,27,5517.44,359.13
2023-01-23,9116.13,56,4013.09,162.79
2023-01-24,9788.61,25,5202.13,391.54
2023-01-25,10182.35,43,4244.99,236.8
2023-01-26,9940.47,28,4645.29,355.02
2023-01-27,10086.67,29,5586.47,347.82
2023-01-28,10307.0,29,5479.21,355.41
2023-01-29,9995.07,30,4248.77,333.17
2023-01-30,10872.85,24,6371.51,453.04
2023-01-31,11389.59,37,4473.88,307.83
2023-02-01,10319.24,27,5395.43,382.19
2023-02-02,10958.91,30,6751.97,365.3
2023-02-03,10593.98,47,5377.09,225.4
2023-02-04,11027.03,46,6309.24,239.72
2023-02-05,11817.19,42,6178.54,281.36
2023-02-06,11252.89,48,6390.98,234.44
2023-02-07,9953.58,38,5348.48,261.94
2023-02-08,11359.9,42,6201.05,270.47
2023-02-09,11897.03,35,5171.34,339.92
2023-02-10,11094.06,51,6190.9,217.53
2023-02-11,11894.0,30,5198.85,396.47
2023-02-12,10952.01,38,6739.36,288.21
2023-02-13,10544.08,29,4583.18,363.59
2023-02-14,11589.25,66,5062.23,175.59
2023-02-15,10519.62,36,6165.36,292.21
2023-02-16,11498.4,72,5039.94,159.7
2023-02-17,12482.89,35,5824.72,356.65
2023-02-18,10633.21,42,5864.36,253.17
2023-02-19,11079.39,25,4632.29,443.18
2023-02-20,11295.61,45,4723.57,251.01
2023-02-21,11944.27,37,5933.03,322.82
2023-02-22,11829.95,52,5187.28,227.5
2023-02-23,12955.64,38,5655.89,340.94
2023-02-24,12755.2,43,4875.26,296.63
2023-02-25,12545.8,48,5882.82,261.37
2023-02-26,12401.67,58,5659.88,213.82
2023-02-27,12615.48,68,4888.21,185.52
2023-02-28,11927.17,64,6310.62,186.36
2023-03-01,13023.06,28,6907.4,465.11
2023-03-02,11905.42,43,4726.36,276.87
2023-03-03,13137.3,87,5991.79,151.0
2023-03-04,13410.69,30,7905.24,447.02
2023-03-05,12887.93,82,6698.12,157.17
2023-03-06,12717.56,46,6090.11,276.47
2023-03-07,13124.8,35,6452.47,374.99
2023-03-08,11228.46,26,4828.09,431.86
2023-03-09,13186.89,36,7580.5,366.3
2023-03-10,12997.1,44,7789.96,295.39
2023-03-11,13093.68,29,7837.34,451.51
2023-03-12,13606.3,84,5901.65,161.98
2023-03-13,13195.18,29,5998.23,455.01
2023-03-14,12612.91,31,5279.13,406.87
2023-03-15,13268.51,30,6020.3,442.28
2023-03-16,13449.5,59,6185.07,227.96
2023-03-17,13532.83,70,7198.73,193.33
2023-03-18,13615.19,39,5793.47,349.11
2023-03-19,14195.09,46,8526.36,308.59
2023-03-20,12972.52,42,5250.55,308.87
2023-03-21,13781.45,32,5259.7,430.67
2023-03-22,14501.09,43,8485.85,337.23
2023-03-23,12736.67,52,6991.22,244.94
2023-03-24,13934.71,51,6483.63,273.23
2023-03-25,13524.35,71,7072.15,190.48
2023-03-26,13700.96,65,5941.43,210.78
2023-03-27,13427.46,69,5645.09,194.6
2023-03-28,13914.69,35,6861.0,397.56
2023-03-29,15166.37,41,7048.8,369.91
2023-03-30,13347.27,43,7042.76,310.4
2023-03-31,13447.55,51,5814.13,263.68
2023-04-01,13410.63,38,7229.71,352.91
2023-04-02,15269.78,38,8612.87,401.84
2023-04-03,13996.53,33,5878.44,424.14
2023-04-04,14298.19,45,5583.81,317.74
2023-04-05,14110.58,35,6850.7,403.16
2023-04-06,13823.29,45,7820.74,307.18
2023-04-07,14285.57,48,7659.74,297.62
2023-04-08,15937.32,38,8740.85,419.4
2023-04-09,15332.32,57,7308.63,268.99
2023-04-10,14019.0,52,6117.71,269.6
2023-04-11,14951.97,61,7590.02,245.11
2023-04-12,14096.14,46,6047.92,306.44
2023-04-13,13559.82,43,7516.14,315.34
2023-04-14,15266.88,43,6523.11,355.04
2023-04-15,15379.7,55,6919.38,279.63
2023-04-16,15338.67,71,7693.43,216.04
2023-04-17,14455.45,35,7181.62,413.01
2023-04-18,14662.54,57,7686.16,257.24
2023-04-19,15236.62,35,7389.56,435.33
2023-04-20,15044.71,70,9036.96,214.92
2023-04-21,14595.59,45,8488.56,324.35
2023-04-22,13881.17,44,8203.59,315.48
2023-04-23,14940.67,37,7934.75,403.8
2023-04-24,15538.36,81,8272.65,191.83
2023-04-25,14189.88,33,7466.82,430.0
2023-04-26,15308.05,49,7414.79,312.41
2023-04-27,15138.94,46,6923.12,329.11
2023-04-28,15404.19,50,8042.23,308.08
2023-04-29,15490.23,96,5981.21,161.36
2023-04-30,14562.17,48,5559.68,303.38
2023-05-01,14019.32,61,8192.81,229.82
2023-05-02,14678.89,58,5741.53,253.08
2023-05-03,15540.83,45,7862.9,345.35
2023-05-04,14689.35,49,7750.06,299.78
2023-05-05,14604.17,82,6244.17,178.1
2023-05-06,13932.67,81,8289.6,172.01
2023-05-07,16080.8,78,6844.36,206.16
2023-05-08,15527.21,74,9196.51,209.83
2023-05-09,15495.13,46,8725.58,336.85
2023-05-10,15614.08,76,6835.51,205.45
2023-05-11,15378.57,37,6400.23,415.64
2023-05-12,14883.89,69,6785.5,215.71
2023-05-13,14929.01,84,7098.87,177.73
2023-05-14,14766.36,35,6482.26,421.9
2023-05-15,16598.22,69,10286.48,240.55
2023-05-16,15344.25,55,6676.54,278.99
2023-05-17,14724.6,33,8530.73,446.2
2023-05-18,15273.22,35,6387.08,436.38
2023-05-19,14377.3,39,8845.76,368.65
2023-05-20,15875.28,93,6891.87,170.7
2023-05-21,14563.56,44,7008.06,330.99
2023-05-22,15247.35,34,7837.98,448.45
2023-05-23,15571.65,35,6366.76,444.9
2023-05-24,15147.18,83,8725.33,182.5
2023-05-25,14956.14,55,6669.31,271.93
2023-05-26,14887.96,60,7620.03,248.13
2023-05-27,14828.54,78,7590.91,190.11
2023-05-28,14496.22,40,7605.21,362.41
2023-05-29,14551.29,62,5723.26,234.7
2023-05-30,15686.39,61,6595.63,257.15
2023-05-31,14710.09,83,6158.91,177.23
2023-06-01,14279.25,47,6461.25,303.81
2023-06-02,14415.41,73,5979.22,197.47
2023-06-03,15358.81,54,9234.66,284.42
2023-06-04,15076.31,78,7585.03,193.29
2023-06-05,14978.47,34,7933.47,440.54
2023-06-06,14458.07,74,6734.53,195.38
2023-06-07,14925.89,48,6661.41,310.96
2023-06-08,14164.01,67,7092.81,211.4
2023-06-09,14361.67,83,6471.91,173.03
2023-06-10,15065.63,71,6967.48,212.19
2023-06-11,14973.64,89,7317.02,168.24
2023-06-12,13824.3,72,6931.17,192.0
2023-06-13,13863.55,46,8543.21,301.38
2023-06-14,14404.56,41,6245.78,351.33
2023-06-15,15336.57,87,7624.03,176.28
2023-06-16,13112.19,46,5453.13,285.05
2023-06-17,14388.26,44,6676.15,327.01
2023-06-18,13354.48,60,7373.74,222.57
2023-06-19,13757.48,52,5803.88,264.57
2023-06-20,13876.53,80,7209.19,173.46
2023-06-21,13799.14,63,6623.7,219.03
2023-06-22,13686.59,47,5370.33,291.2
2023-06-23,13965.79,31,8434.47,450.51
2023-06-24,13594.11,30,6515.18,453.14
2023-06-25,12990.8,29,7380.62,447.96
2023-06-26,14288.42,51,6857.23,280.17
2023-06-27,14223.69,81,8604.86,175.6
2023-06-28,14228.59,57,6398.78,249.62
2023-06-29,12748.24,57,6105.58,223.65
2023-06-30,13801.31,89,7758.09,155.07
2023-07-01,13976.13,78,6463.68,179.18
2023-07-02,12899.72,45,6029.92,286.66
2023-07-03,13471.18,53,8335.39,254.17
2023-07-04,13342.5,65,6849.34,205.27
2023-07-05,14463.51,39,7889.14,370.86
2023-07-06,14458.26,56,7726.94,258.18
2023-07-07,12249.69,30,7088.92,408.32
2023-07-08,14688.83,66,8619.96,222.56
2023-07-09,12586.95,40,6484.56,314.67
2023-07-10,13667.55,66,6159.88,207.08
2023-07-11,13603.99,45,5243.96,302.31
2023-07-12,12366.31,63,6522.69,196.29
2023-07-13,13201.24,66,7631.8,200.02
2023-07-14,12781.84,38,6239.19,336.36
2023-07-15,13119.59,57,5504.05,230.17
2023-07-16,12865.6,63,5778.45,204.22
2023-07-17,13384.79,31,6724.48,431.77
2023-07-18,12651.63,77,7348.11,164.31
2023-07-19,12444.69,38,5241.96,327.49
2023-07-20,13141.73,41,6924.59,320.53
2023-07-21,12770.67,56,7161.9,228.05
2023-07-22,12799.55,44,7739.27,290.9
2023-07-23,11899.45,67,4855.08,177.6
2023-07-24,11608.51,31,6992.2,374.47
2023-07-25,11832.25,54,6204.27,219.12
2023-07-26,11737.37,56,6619.98,209.6
2023-07-27,12518.35,51,4918.53,245.46
2023-07-28,12568.8,29,6302.95,433.41
2023-07-29,11826.54,30,6261.34,394.22
2023-07-30,12714.43,29,5767.78,438.43
2023-07-31,12613.09,36,6099.64,350.36
2023-08-01,11874.06,34,6091.77,349.24
2023-08-02,11170.82,37,5726.29,301.91
2023-08-03,12545.05,29,4893.16,432.59
2023-08-04,11499.03,37,5582.5,310.78
2023-08-05,11547.14,45,4980.47,256.6
2023-08-06,11203.47,32,6722.16,350.11
2023-08-07,10809.17,34,6640.93,317.92
2023-08-08,10397.7,55,4698.88,189.05
2023-08-09,11594.51,43,4893.4,269.64
2023-08-10,10680.74,43,4621.35,248.39
2023-08-11,12922.59,31,6392.3,416.86
2023-08-12,10371.44,39,6117.92,265.93
2023-08-13,10205.0,25,5102.59,408.2
2023-08-14,11202.04,39,4405.7,287.23
2023-08-15,11750.24,31,4577.57,379.04
2023-08-16,10808.32,56,4697.01,193.01
2023-08-17,11050.05,25,6434.06,442.0
2023-08-18,9537.96,32,5047.06,298.06
2023-08-19,10175.24,44,5241.37,231.26
2023-08-20,9875.52,44,4508.7,224.44
2023-08-21,9320.92,40,5621.09,233.02
2023-08-22,10466.72,40,4809.28,261.67
2023-08-23,8989.77,24,5217.54,374.57
2023-08-24,9481.46,21,5641.63,451.5
2023-08-25,9892.16,28,4906.52,353.29
2023-08-26,9655.82,30,5741.63,321.86
2023-08-27,10332.99,36,4612.99,287.03
2023-08-28,10219.49,25,5498.33,408.78
2023-08-29,10513.9,25,4217.24,420.56
2023-08-30,10371.01,43,5120.63,241.19
2023-08-31,10546.55,24,4557.79,439.44
2023-09-01,9803.92,36,3873.17,272.33
2023-09-02,9930.71,25,3782.55,397.23
2023-09-03,9999.67,22,4579.25,454.53
2023-09-04,9722.48,26,5070.15,373.94
2023-09-05,9344.5,47,4571.85,198.82
2023-09-06,9329.31,28,4220.81,333.19
2023-09-07,8984.85,48,5551.63,187.18
2023-09-08,9675.63,25,5858.46,387.03
2023-09-09,9314.2,39,3820.28,238.83
2023-09-10,8921.36,24,4278.91,371.72
2023-09-11,8871.29,20,4752.56,443.56
2023-09-12,8492.51,41,4722.16,207.13
2023-09-13,9756.92,36,4565.55,271.03
2023-09-14,9168.42,26,5126.13,352.63
2023-09-15,8556.0,31,3506.21,276.0
2023-09-16,9512.04,46,4372.07,206.78
2023-09-17,8644.7,54,4771.39,160.09
2023-09-18,8091.96,29,4290.06,279.03
2023-09-19,9504.34,27,5521.36,352.01
2023-09-20,8525.97,26,3335.75,327.92
2023-09-21,8560.4,43,3611.24,199.08
2023-09-22,8788.85,30,3442.05,292.96
2023-09-23,9409.02,36,4009.25,261.36
2023-09-24,8695.75,37,3313.32,235.02
2023-09-25,7925.47,21,3970.74,377.4
2023-09-26,8933.43,36,4527.42,248.15
2023-09-27,8279.26,26,4453.36,318.43
2023-09-28,9667.14,22,4566.55,439.42
2023-09-29,8498.86,27,3236.11,314.77
2023-09-30,7124.66,21,3859.67,339.27
2023-10-01,8647.29,50,3398.64,172.95
2023-10-02,9567.86,47,5624.76,203.57
2023-10-03,9315.93,51,3590.7,182.67
2023-10-04,9439.3,24,4788.69,393.3
2023-10-05,7700.31,19,4579.99,405.28
2023-10-06,8831.97,42,4569.64,210.28
2023-10-07,7825.11,36,4116.16,217.36
2023-10-08,8367.61,33,4548.52,253.56
2023-10-09,7445.13,22,3047.87,338.42
2023-10-10,7799.22,23,4227.04,339.1
2023-10-11,7758.28,21,4587.36,369.44
2023-10-12,8682.45,20,5329.4,434.12
2023-10-13,8604.2,36,4184.5,239.01
2023-10-14,8271.49,23,3827.06,359.63
2023-10-15,7277.95,22,4081.43,330.82
2023-10-16,7885.21,32,4023.74,246.41
2023-10-17,7609.71,18,3361.61,422.76
2023-10-18,8565.58,47,3608.83,182.25
2023-10-19,8738.29,24,3677.56,364.1
2023-10-20,8654.04,23,4242.23,376.26
2023-10-21,7557.12,17,3180.26,444.54
2023-10-22,6357.81,20,2446.06,317.89
2023-10-23,6933.86,28,2721.55,247.64
2023-10-24,8840.77,22,5332.51,401.85
2023-10-25,7742.05,20,3077.55,387.1
2023-10-26,7528.62,25,2993.1,301.14
2023-10-27,8962.16,23,4376.09,389.66
2023-10-28,8734.43,37,3832.88,236.07
2023-10-29,7990.04,24,4882.29,332.92
2023-10-30,7800.63,19,4669.74,410.56
2023-10-31,7899.98,32,3769.38,246.87
2023-11-01,8119.38,27,3959.79,300.72
2023-11-02,8948.22,20,4205.91,447.41
2023-11-03,8248.07,21,3209.22,392.77
2023-11-04,8437.87,20,3799.43,421.89
2023-11-05,8712.76,32,3567.37,272.27
2023-11-06,7319.62,16,2961.29,457.48
2023-11-07,8485.85,43,4366.88,197.35
2023-11-08,7868.97,25,3176.73,314.76
2023-11-09,6550.12,22,2650.86,297.73
2023-11-10,6798.21,17,3367.31,399.89
2023-11-11,7480.86,17,3636.8,440.05
2023-11-12,8428.35,22,3481.18,383.11
2023-11-13,8197.06,24,3123.64,341.54
2023-11-14,8259.82,29,3521.28,284.82
2023-11-15,9341.47,30,4078.62,311.38
2023-11-16,7432.41,24,4251.78,309.68
2023-11-17,8201.62,52,4918.55,157.72
2023-11-18,8426.22,28,4022.9,300.94
2023-11-19,7828.52,19,3735.82,412.03
2023-11-20,8315.25,22,4581.67,377.97
2023-11-21,7367.5,18,3908.17,409.31
2023-11-22,9203.86,34,3904.22,270.7
2023-11-23,7980.63,25,3238.9,319.23
2023-11-24,9641.34,60,4676.31,160.69
2023-11-25,8437.14,31,4349.84,272.17
2023-11-26,9108.79,31,3764.57,293.83
2023-11-27,8496.51,37,3826.71,229.64
2023-11-28,8547.77,53,3875.78,161.28
2023-11-29,8254.72,23,3654.46,358.9
2023-11-30,8716.7,31,4276.26,281.18
2023-12-01,8877.29,32,4764.75,277.42
2023-12-02,8258.36,36,4147.79,229.4
2023-12-03,8697.47,27,3725.56,322.13
2023-12-04,8451.15,30,3420.23,281.7
2023-12-05,10242.86,35,5912.68,292.65
2023-12-06,8856.19,27,4384.11,328.01
2023-12-07,9885.25,65,3903.82,152.08
2023-12-08,8889.91,21,3928.89,423.33
2023-12-09,9213.12,53,5278.82,173.83
2023-12-10,8316.07,29,4660.44,286.76
2023-12-11,8893.04,41,5248.64,216.9
2023-12-12,9341.05,30,4899.39,311.37
2023-12-13,10220.82,43,4921.3,237.69
2023-12-14,9457.92,23,4562.43,411.21
2023-12-15,10211.48,37,4355.81,275.99
2023-12-16,9823.2,28,5267.12,350.83
2023-12-17,10473.71,46,5450.69,227.69
2023-12-18,9521.3,61,3971.98,156.09
2023-12-19,11051.28,40,6548.54,276.28
2023-12-20,9387.27,30,4397.3,312.91
2023-12-21,9280.9,32,3637.53,290.03
2023-12-22,9077.93,20,4163.97,453.9
2023-12-23,11266.65,31,6633.42,363.44
2023-12-24,10424.66,23,6255.52,453.25
2023-12-25,9798.32,41,4876.58,238.98
2023-12-26,10814.85,27,6591.88,400.55
2023-12-27,10545.53,33,6222.47,319.56
2023-12-28,11380.87,34,6578.77,334.73
2023-12-29,9341.56,20,5477.24,467.08
2023-12-30,10180.88,29,4801.81,351.06
2023-12-31,10133.17,24,5690.31,422.22
2024-01-01,9297.8,25,4821.48,371.91
2024-01-02,11190.24,59,6185.12,189.67
2024-01-03,10464.55,29,4423.04,360.85
2024-01-04,11143.98,37,6190.87,301.19
2024-01-05,12190.14,28,7433.82,435.36
2024-01-06,10637.04,27,4814.74,393.96
2024-01-07,10671.63,58,6580.97,183.99
2024-01-08,11071.46,58,5212.56,190.89
2024-01-09,11669.12,68,4993.61,171.6
2024-01-10,10813.82,36,4400.67,300.38
2024-01-11,10852.88,62,6168.68,175.05
2024-01-12,11943.9,32,6129.11,373.25
2024-01-13,11615.4,36,5270.04,322.65
2024-01-14,10240.49,25,5386.79,409.62
2024-01-15,10811.65,46,4970.16,235.04
2024-01-16,12527.62,40,6108.54,313.19
2024-01-17,11948.44,64,7014.2,186.69
2024-01-18,11330.77,27,6122.69,419.66
2024-01-19,11767.0,58,6624.54,202.88
2024-01-20,11958.71,66,6218.99,181.19
2024-01-21,12474.05,58,7708.16,215.07
2024-01-22,11299.79,28,4948.61,403.56
2024-01-23,11692.61,64,5179.24,182.7
2024-01-24,12443.63,37,5005.0,336.31
2024-01-25,12302.88,32,6310.94,384.46
2024-01-26,12789.03,34,6742.46,376.15
2024-01-27,11791.54,56,6535.23,210.56
2024-01-28,12827.01,76,5906.93,168.78
2024-01-29,13351.32,46,5112.78,290.25
2024-01-30,13072.23,62,6950.96,210.84
2024-01-31,12947.47,35,8023.38,369.93
2024-02-01,12890.41,50,5809.6,257.81
2024-02-02,12531.02,43,5314.96,291.42
2024-02-03,13072.76,71,5851.68,184.12
2024-02-04,13955.82,43,6728.1,324.55
2024-02-05,13212.59,64,5816.43,206.45
2024-02-06,12834.11,36,5945.66,356.5
2024-02-07,13156.56,76,7014.68,173.11
2024-02-08,13656.25,30,6320.2,455.21
2024-02-09,13395.36,37,6363.52,362.04
2024-02-10,13994.25,68,5452.26,205.8
2024-02-11,14100.22,91,8464.45,154.95
2024-02-12,14403.17,57,6879.71,252.69
2024-02-13,14806.98,75,6792.77,197.43
2024-02-14,14633.2,67,5864.35,218.41
2024-02-15,13557.74,32,7215.48,423.68
2024-02-16,13658.49,41,8021.88,333.13
2024-02-17,14237.19,70,5550.75,203.39
2024-02-18,14093.67,44,5846.98,320.31
2024-02-19,13762.76,60,5713.38,229.38
2024-02-20,14261.77,32,7480.95,445.68
2024-02-21,14322.72,89,8609.32,160.93
2024-02-22,14284.56,38,6928.93,375.91
2024-02-23,14578.01,38,6742.53,383.63
2024-02-24,15553.91,91,8769.32,170.92
2024-02-25,15045.28,74,8398.52,203.31
2024-02-26,16487.22,62,7241.54,265.92
2024-02-27,15184.32,36,6356.13,421.79
2024-02-28,14985.32,48,6981.28,312.19
2024-02-29,15238.63,43,8627.27,354.39
2024-03-01,15466.25,40,8457.18,386.66
2024-03-02,15649.11,39,8447.47,401.26
2024-03-03,16708.97,57,9675.54,293.14
2024-03-04,15030.09,49,6711.1,306.74
2024-03-05,16126.39,44,7442.72,366.51
2024-03-06,15808.6,69,6167.91,229.11
2024-03-07,14813.57,36,8717.77,411.49
2024-03-08,16290.21,104,8467.38,156.64
2024-03-09,16659.17,79,7522.44,210.88
2024-03-10,15454.34,39,6130.12,396.27
2024-03-11,16032.54,63,8875.91,254.48
2024-03-12,15071.15,77,8435.28,195.73
2024-03-13,15418.71,74,8324.3,208.36
2024-03-14,16869.6,54,7235.5,312.4
2024-03-15,16026.85,39,9602.84,410.94
2024-03-16,15706.46,91,8807.52,172.6
2024-03-17,16573.57,104,8914.29,159.36
2024-03-18,16185.67,55,8679.19,294.28
2024-03-19,16278.92,37,9719.26,439.97
2024-03-20,17066.35,73,10287.49,233.79
2024-03-21,15986.09,36,8359.97,444.06
2024-03-22,16199.29,38,7775.67,426.3
2024-03-23,16893.34,71,7894.19,237.93
2024-03-24,17439.9,44,10055.48,396.36
2024-03-25,17657.48,49,9441.55,360.36
2024-03-26,16570.82,54,6604.2,306.87
2024-03-27,17586.49,63,7283.0,279.15
2024-03-28,16606.7,42,9898.33,395.4
2024-03-29,18224.94,46,10794.26,396.19
2024-03-30,16499.87,43,10039.18,383.72
2024-03-31,18027.0,40,8701.35,450.68
2024-04-01,16884.67,57,9593.44,296.22
2024-04-02,18534.01,47,10727.0,394.34
2024-04-03,17727.18,43,8079.47,412.26
2024-04-04,16807.92,78,6973.29,215.49
2024-04-05,17148.14,105,10619.61,163.32
2024-04-06,17972.94,66,6960.07,272.32
2024-04-07,18177.35,44,9513.31,413.12
2024-04-08,17543.63,74,9404.28,237.08
2024-04-09,17651.92,49,9596.1,360.24
2024-04-10,18117.95,119,7996.37,152.25
2024-04-11,17778.56,69,9834.73,257.66
2024-04-12,16958.66,50,7325.05,339.17
2024-04-13,17280.97,91,10005.15,189.9
2024-04-14,17942.53,42,7761.72,427.2
2024-04-15,18562.15,94,10157.38,197.47
2024-04-16,18832.54,44,10697.24,428.01
2024-04-17,18359.45,85,7809.14,215.99
2024-04-18,18091.56,40,7908.12,452.29
2024-04-19,18394.59,55,10429.45,334.45
2024-04-20,17570.03,100,7039.25,175.7
2024-04-21,17901.58,105,7622.18,170.49
2024-04-22,17521.12,101,8573.56,173.48
2024-04-23,17287.07,52,10428.32,332.44
2024-04-24,18255.81,46,9399.02,396.87
2024-04-25,18184.97,67,8602.27,271.42
2024-04-26,18502.87,65,11375.73,284.66
2024-04-27,18433.18,56,9056.05,329.16
2024-04-28,18264.95,58,8842.0,314.91
2024-04-29,18465.8,51,8841.33,362.07
2024-04-30,18117.3,62,8241.98,292.21
2024-05-01,18400.33,50,8430.42,368.01
2024-05-02,17725.2,39,9661.67,454.49
2024-05-03,18389.61,72,7168.28,255.41
2024-05-04,18574.33,120,10097.67,154.79
2024-05-05,17775.57,94,7613.08,189.1
2024-05-06,18211.18,57,8599.5,319.49
2024-05-07,17807.22,70,7393.01,254.39
2024-05-08,17865.38,41,9158.87,435.74
2024-05-09,17504.82,51,9715.95,343.23
2024-05-10,18936.35,61,8807.62,310.43
2024-05-11,18812.0,48,7886.37,391.92
2024-05-12,18489.37,81,8031.07,228.26
2024-05-13,19343.15,48,11148.37,402.98
2024-05-14,18037.81,119,8013.04,151.58
2024-05-15,19960.56,59,11296.25,338.31
2024-05-16,17993.75,41,8267.91,438.87
2024-05-17,18270.77,47,7770.48,388.74
2024-05-18,17865.0,43,9907.11,415.47
2024-05-19,18311.7,68,9017.61,269.29
2024-05-20,18572.95,46,7197.14,403.76
2024-05-21,17985.15,57,10977.89,315.53
2024-05-22,19100.09,56,7935.34,341.07
2024-05-23,18156.77,108,8439.59,168.12
2024-05-24,18153.44,86,8574.79,211.09
2024-05-25,17422.3,55,8666.95,316.77
2024-05-26,18194.02,108,10343.42,168.46
2024-05-27,17836.4,47,6803.9,379.5
2024-05-28,17524.47,43,10581.16,407.55
2024-05-29,17394.83,40,9306.89,434.87
2024-05-30,19433.77,107,11818.76,181.62
2024-05-31,17641.35,40,10164.48,441.03
2024-06-01,16892.7,99,10180.91,170.63
2024-06-02,17314.15,59,9076.77,293.46
2024-06-03,17667.09,43,8228.52,410.86
2024-06-04,17989.73,105,8748.39,171.33
2024-06-05,17957.09,115,9659.62,156.15
2024-06-06,17991.44,114,8680.22,157.82
2024-06-07,17158.61,56,9533.35,306.4
2024-06-08,17708.66,45,7119.65,393.53
2024-06-09,16936.46,89,9809.54,190.3
2024-06-10,17046.83,90,7313.18,189.41
2024-06-11,16823.37,52,10204.17,323.53
2024-06-12,16615.21,75,6934.04,221.54
2024-06-13,17919.89,48,7365.06,373.33
2024-06-14,17646.55,40,10144.12,441.16
2024-06-15,17770.3,46,10244.37,386.31
2024-06-16,17157.74,41,9562.05,418.48
2024-06-17,17549.02,57,10714.16,307.88
2024-06-18,15973.91,39,7107.26,409.59
2024-06-19,17495.25,85,10119.18,205.83
2024-06-20,17029.37,99,7909.97,172.01
2024-06-21,17244.08,49,8776.82,351.92
2024-06-22,17039.56,102,8297.31,167.05
2024-06-23,16162.09,38,6164.29,425.32
2024-06-24,15797.34,44,8180.98,359.03
2024-06-25,16209.84,37,9067.81,438.1
2024-06-26,16916.03,69,7136.75,245.16
2024-06-27,16930.26,57,10219.06,297.02
2024-06-28,15633.7,41,7930.91,381.31
2024-06-29,15803.22,70,6681.27,225.76
2024-06-30,15894.53,50,8504.01,317.89
2024-07-01,16049.87,46,6838.23,348.91
2024-07-02,15382.02,34,6079.71,452.41
2024-07-03,15280.25,40,8319.72,382.01
2024-07-04,15573.86,83,6331.81,187.64
2024-07-05,16051.48,54,6508.75,297.25
2024-07-06,15223.43,46,8488.38,330.94
2024-07-07,15793.68,81,6210.84,194.98
2024-07-08,16429.01,58,9435.91,283.26
2024-07-09,14942.9,63,8533.53,237.19
2024-07-10,15529.56,83,6428.22,187.1
2024-07-11,16197.15,53,8170.03,305.61
2024-07-12,15259.64,76,6152.54,200.78
2024-07-13,15094.15,46,8027.33,328.13
2024-07-14,16063.68,79,6346.81,203.34
2024-07-15,15108.59,41,9166.01,368.5
2024-07-16,15881.26,76,6826.64,208.96
2024-07-17,15401.73,36,8376.92,427.83
2024-07-18,14864.01,94,6105.99,158.13
2024-07-19,15282.48,49,6576.1,311.89
2024-07-20,15111.5,61,7377.86,247.73
2024-07-21,15455.97,71,7999.13,217.69
2024-07-22,14438.31,49,8947.81,294.66
2024-07-23,14715.6,36,5683.49,408.77
2024-07-24,14577.24,34,5540.45,428.74
2024-07-25,14959.64,62,6942.59,241.28
2024-07-26,13844.82,70,6477.68,197.78
2024-07-27,14992.67,40,8877.47,374.82
2024-07-28,14584.64,44,8736.49,331.47
2024-07-29,13436.89,63,7945.58,213.28
2024-07-30,14874.07,39,6163.26,381.39
2024-07-31,15411.52,50,7380.66,308.23
2024-08-01,14594.02,42,8158.24,347.48
2024-08-02,14770.9,57,6721.15,259.14
2024-08-03,13887.69,49,7487.92,283.42
2024-08-04,12761.31,62,5575.6,205.83
2024-08-05,12573.49,33,5753.89,381.01
2024-08-06,13754.8,69,8067.23,199.34
2024-08-07,13168.41,34,5795.71,387.31
2024-08-08,12896.78,33,7885.58,390.81
2024-08-09,13329.93,35,6045.15,380.86
2024-08-10,13659.11,87,5267.59,157.0
2024-08-11,12340.45,53,5444.31,232.84
2024-08-12,12865.31,44,5417.44,292.39
2024-08-13,13963.3,42,7004.53,332.46
2024-08-14,12335.19,28,5021.06,440.54
2024-08-15,13425.46,51,7118.87,263.24
2024-08-16,12536.29,30,7396.11,417.88
2024-08-17,13078.45,65,6107.7,201.21
2024-08-18,13333.55,51,5605.93,261.44
2024-08-19,13044.46,78,6209.24,167.24
2024-08-20,13070.12,35,7432.09,373.43
2024-08-21,11759.0,60,6137.69,195.98
2024-08-22,13043.93,57,5273.33,228.84
2024-08-23,11790.35,30,6000.4,393.01
2024-08-24,12384.41,39,6097.35,317.55
2024-08-25,12310.85,79,5644.61,155.83
2024-08-26,12374.74,82,5029.57,150.91
2024-08-27,12214.15,40,7517.4,305.35
2024-08-28,11434.58,47,4828.26,243.29
2024-08-29,11060.44,54,4714.6,204.82
2024-08-30,12323.89,36,5113.67,342.33
2024-08-31,11842.76,54,6120.89,219.31
2024-09-01,12352.33,37,6009.17,333.85
2024-09-02,11568.0,43,5088.69,269.02
2024-09-03,10684.6,51,5161.32,209.5
2024-09-04,12040.98,62,6521.94,194.21
2024-09-05,11173.44,50,5001.32,223.47
2024-09-06,11536.01,72,6917.67,160.22
2024-09-07,10878.29,44,4933.56,247.23
2024-09-08,12190.13,28,5212.05,435.36
2024-09-09,10615.25,26,6465.71,408.28
2024-09-10,10877.24,41,6249.35,265.3
2024-09-11,11083.56,34,5124.52,325.99
2024-09-12,10304.1,32,5996.41,322.0
2024-09-13,11098.96,27,5599.6,411.07
2024-09-14,11810.0,53,5470.64,222.83
2024-09-15,10491.75,43,6101.02,243.99
2024-09-16,10967.28,45,6147.38,243.72
2024-09-17,9025.71,55,4075.02,164.1
2024-09-18,10598.23,43,5570.46,246.47
2024-09-19,10381.02,25,4865.1,415.24
2024-09-20,10026.08,23,3812.44,435.92
2024-09-21,11115.47,60,6789.73,185.26
2024-09-22,10221.38,35,5232.44,292.04
2024-09-23,10262.29,38,5373.58,270.06
2024-09-24,10095.24,34,5289.64,296.92
2024-09-25,9125.42,28,4673.62,325.91
2024-09-26,9551.43,61,4294.43,156.58
2024-09-27,10763.59,26,6600.0,413.98
2024-09-28,8878.48,20,4698.5,443.92
2024-09-29,9643.4,27,5217.28,357.16
2024-09-30,9823.33,28,4805.08,350.83
2024-10-01,11070.56,35,4971.64,316.3
2024-10-02,10448.04,41,4131.61,254.83
2024-10-03,9616.35,49,4462.52,196.25
2024-10-04,10698.43,32,4517.56,334.33
2024-10-05,9437.79,57,5086.04,165.58
2024-10-06,10455.25,26,6178.64,402.12
2024-10-07,9003.5,32,4075.53,281.36
2024-10-08,10433.15,38,4798.12,274.56
2024-10-09,9517.25,38,5147.76,250.45
2024-10-10,9116.93,20,3791.05,455.85
2024-10-11,9578.23,47,5776.3,203.79
2024-10-12,9850.8,50,4603.51,197.02
2024-10-13,9364.82,46,3786.08,203.58
2024-10-14,9972.73,28,4207.74,356.17
2024-10-15,9270.66,20,5598.17,463.53
2024-10-16,9974.22,45,4381.76,221.65
2024-10-17,9850.31,23,5308.77,428.27
2024-10-18,9532.84,40,3979.77,238.32
2024-10-19,9290.44,26,3963.16,357.32
2024-10-20,9633.53,59,5693.58,163.28
2024-10-21,9861.57,33,4097.76,298.84
2024-10-22,10758.78,31,4136.75,347.06
2024-10-23,10077.11,32,5041.54,314.91
2024-10-24,10092.31,45,5924.74,224.27
2024-10-25,11354.56,28,5203.09,405.52
2024-10-26,9807.27,22,4028.42,445.78
2024-10-27,9786.22,34,6025.72,287.83
2024-10-28,9917.09,29,5379.2,341.97
2024-10-29,8890.06,22,5193.27,404.09
2024-10-30,9231.37,41,5174.3,225.16
2024-10-31,9197.79,22,5036.51,418.08
2024-11-01,9895.35,42,4673.53,235.6
2024-11-02,9409.1,24,4307.88,392.05
2024-11-03,9604.87,52,5302.56,184.71
2024-11-04,10184.26,43,5621.82,236.84
2024-11-05,10061.06,32,6118.55,314.41
2024-11-06,9459.03,30,4885.38,315.3
2024-11-07,9168.48,22,4132.32,416.75
2024-11-08,10267.57,22,5107.98,466.71
2024-11-09,10068.19,55,5308.87,183.06
2024-11-10,8659.07,37,4177.27,234.03
2024-11-11,9455.41,36,5388.37,262.65
2024-11-12,9764.6,33,5080.59,295.9
2024-11-13,10156.08,34,3882.31,298.71
2024-11-14,10259.84,25,5301.89,410.39
2024-11-15,9910.61,26,5273.09,381.18
2024-11-16,10119.41,65,6068.23,155.68
2024-11-17,9836.22,34,4714.43,289.3
2024-11-18,9424.39,28,4880.63,336.59
2024-11-19,9704.37,33,4793.95,294.07
2024-11-20,9906.44,52,5028.48,190.51
2024-11-21,9909.6,36,3925.72,275.27
2024-11-22,8835.9,32,5260.44,276.12
2024-11-23,9767.03,47,5845.56,207.81
2024-11-24,10078.95,26,5155.73,387.65
2024-11-25,9917.56,40,5093.39,247.94
2024-11-26,9980.86,30,3930.6,332.7
2024-11-27,10465.73,34,5478.89,307.82
2024-11-28,9570.95,23,4622.73,416.13
2024-11-29,9288.27,49,5110.13,189.56
2024-11-30,10104.36,54,3953.94,187.12
2024-12-01,10821.26,45,5958.33,240.47
2024-12-02,11426.22,40,5128.71,285.66
2024-12-03,10935.2,45,5865.74,243.0
2024-12-04,9638.54,25,5113.34,385.54
2024-12-05,10434.97,46,4533.39,226.85
2024-12-06,10784.57,61,5238.16,176.8
2024-12-07,10794.65,39,6266.86,276.79
2024-12-08,11070.45,28,5815.77,395.37
2024-12-09,10256.69,25,4066.75,410.27
2024-12-10,10907.18,29,5304.14,376.11
2024-12-11,11182.94,35,5086.28,319.51
2024-12-12,11489.9,31,6135.55,370.64
2024-12-13,10576.02,29,5578.8,364.69
2024-12-14,10918.5,49,4176.28,222.83
2024-12-15,9570.63,30,5032.69,319.02
2024-12-16,10888.51,28,6057.97,388.88
2024-12-17,11016.35,44,6218.68,250.37
2024-12-18,10789.97,31,4252.91,348.06
2024-12-19,11572.92,39,5241.12,296.74
2024-12-20,11512.89,38,5538.92,302.97
2024-12-21,10264.91,57,4343.55,180.09
2024-12-22,11824.76,33,5687.43,358.33
2024-12-23,11214.5,27,4452.95,415.35
2024-12-24,12139.96,63,4943.05,192.7
2024-12-25,11157.47,42,6030.46,265.65
2024-12-26,12023.58,73,5326.66,164.71
2024-12-27,11915.62,74,6562.38,161.02
2024-12-28,12348.24,27,4834.9,457.34
2024-12-29,12322.97,41,6346.93,300.56
2024-12-30,12177.69,47,5771.59,259.1
2024-12-31,11492.53,49,6565.37,234.54
